<?xml version="1.0" encoding="UTF-8" ?>
<!DOCTYPE mapper
  PUBLIC "-//mybatis.org//DTD Mapper 3.0//EN"
  "https://mybatis.org/dtd/mybatis-3-mapper.dtd">
<mapper namespace="com.ssafy.mvc.model.dao.UserDao">
	<select id="selectOne" parameterType="Map" resultType="User">
		SELECT id, name 
		FROM users
		WHERE id = #{id} AND password = #{password}
	</select>
	
	<select id="selectAll" resultType="User">
		SELECT u.id id, u.password password, u.name name, c.name curriculumName 
		FROM users u, curriculum c
		WHERE u.curriculum_code = c.code 
	</select>
	
	<select id="checkSameUser" parameterType="String" resultType="int">
		SELECT count(*)
		FROM users
		WHERE id = #{id}
	</select>
	
	<insert id="insertUser" parameterType="User">
		INSERT INTO users (id, password, name, curriculum_code)
		VALUE (#{id}, #{password}, #{name}, #{curriculumCode})
	</insert>
	
	
	
</mapper>