<?xml version="1.0" encoding="UTF-8" ?>
<!DOCTYPE mapper
  PUBLIC "-//mybatis.org//DTD Mapper 3.0//EN"
  "https://mybatis.org/dtd/mybatis-3-mapper.dtd">

<mapper namespace="com.ssafy.myboard.board.model.dao.BoardDao">
	<!-- 게시물 목록 데이터 -->
	<select id="selectBoard" resultType="Board" parameterType="boardSearch">
		select *
		  from board
		 order by no desc
		 limit #{offset}, #{listSize}
	</select>
	
	<!-- 게시물 카운트(전체) -->
	<select id="selectBoardCount" resultType="int" parameterType="boardSearch">
		select count(*)
		  from board	
	</select>


	
	<insert id="insertBoard" parameterType="Board" useGeneratedKeys="true" keyProperty="no">
		<!-- 
    	<selectKey keyProperty="no" resultType="int" order="AFTER">
    		select last_insert_id() from dual
    	</selectKey>
		 -->
    	insert into board (title, writer, content)
	    values (#{title}, #{writer}, #{content})
	</insert>	
	
	<insert id="insertBoardFile" parameterType="BoardFile">
        insert into board_file (file_path, ori_name, system_name, no)
        values (#{filePath}, #{oriName}, #{systemName}, #{no})
	</insert>	            
	
	<select id="selectBoardByNo" parameterType="int" resultType="Board">
        select *
	      from board
	     where no = #{no}	
	</select>            
	
	<select id="selectBoardFileByNo" parameterType="int" resultType="boardFile">
		select file_no, no, file_path, ori_name, system_name
		  from board_file
		 where no = #{no}	
	</select>	
</mapper>



